byline,headline,news_link
"By Andrew WagnerJul. 26, 2017",Watch a robotic exoskeleton help a stroke patient walk,http://www.sciencemag.org//news/2017/07/watch-robotic-exoskeleton-help-stroke-patient-walk
"By Elizabeth PennisiJul. 26, 2017",Scientists genetically engineer the world’s first blue chrysanthemum,http://www.sciencemag.org//news/2017/07/scientists-genetically-engineer-world-s-first-blue-chrysanthemum
"By Mitch LeslieJul. 26, 2017",The breakdown of this brain region may accelerate aging,http://www.sciencemag.org//news/2017/07/breakdown-brain-region-may-accelerate-aging
"By Jon CohenJul. 26, 2017","Ding, ding, ding! CRISPR patent fight enters next round",http://www.sciencemag.org//news/2017/07/ding-ding-ding-crispr-patent-fight-enters-next-round
"By Jon CohenJul. 26, 2017",What can science learn from a child who has controlled HIV without drugs for more than 8 years?,http://www.sciencemag.org//news/2017/07/what-can-science-learn-child-who-has-controlled-hiv-without-drugs-more-8-years
"By Virginia MorellJul. 25, 2017",Can you tell whether this frog is excited just by listening to its voice?,http://www.sciencemag.org//news/2017/07/can-you-tell-whether-frog-excited-just-listening-its-voice
"By Jeffrey Mervis, David MalakoffJul. 25, 2017",Senate spending panel would squeeze science agencies but exceed Trump request,http://www.sciencemag.org//news/2017/07/senate-spending-panel-would-squeeze-science-agencies-exceed-trump-request
"By Giorgia GuglielmiJul. 25, 2017",Why so much of the world is stuck in a ‘poverty trap’,http://www.sciencemag.org//news/2017/07/why-so-much-world-stuck-poverty-trap
"By Maggie KuoJul. 24, 2017",What comes after a Ph.D.? Check out the data,http://www.sciencemag.org//careers/2017/07/what-comes-after-phd-check-out-data
"By Adam RubenJul. 19, 2017",Another tenure-track scientist bites the dust,http://www.sciencemag.org//careers/2017/07/another-tenure-track-scientist-bites-dust
